order_id,order_date,customer,product,qty,unit_price
WS-0001,2025-11-02,C001,Product one,1,450
WS-0002,2025-11-03,C007,Product one,1,450
WS-0003,2025-11-08,C002,Product one,1,450
WS-0004,2025-11-08,C003,Product two,1,390
WS-0005,2025-11-11,C001,Product four,1,280
WS-0006,2025-11-11,C014,Product two,1,390
WS-0007,2025-11-15,C002,Product four,1,280
WS-0008,2025-11-15,C009,Product one,1,450
WS-0009,2025-11-17,C002,Product one,1,450
WS-0010,2025-11-18,C008,Product one,1,450
WS-0011,2025-11-19,C004,Product four,1,280
WS-0012,2025-11-19,C006,Product three,1,520
WS-0013,2025-11-19,C007,Product one,1,450
WS-0014,2025-11-22,C012,Product three,1,520
WS-0015,2025-11-22,C015,Product one,1,450
WS-0016,2025-11-23,C001,Product two,1,390
WS-0017,2025-11-25,C010,Product two,1,390
WS-0018,2025-11-25,C013,Product three,1,520
WS-0019,2025-11-28,C005,Product two,1,390
WS-0020,2025-11-29,C011,Product two,1,390
WS-0021,2025-11-30,C012,Product one,1,450
WS-0022,2025-12-03,C018,Product two,1,390
WS-0023,2025-12-05,C019,Product four,1,280
WS-0024,2025-12-05,C022,Product one,1,450
WS-0025,2025-12-06,C029,Product one,2,450
WS-0026,2025-12-07,C007,Product two,1,390
WS-0027,2025-12-08,C019,Product one,1,450
WS-0028,2025-12-08,C021,Product one,1,450
WS-0029,2025-12-12,C030,Product two,1,390
WS-0030,2025-12-13,C023,Product two,1,390
WS-0031,2025-12-14,C020,Product three,1,520
WS-0032,2025-12-15,C027,Product one,1,450
WS-0033,2025-12-17,C031,Product two,1,390
WS-0034,2025-12-20,C001,Product two,1,390
WS-0035,2025-12-20,C002,Product one,1,450
WS-0036,2025-12-20,C025,Product two,2,390
WS-0037,2025-12-20,C026,Product one,1,450
WS-0038,2025-12-21,C034,Product three,2,520
WS-0039,2025-12-22,C016,Product four,1,280
WS-0040,2025-12-24,C017,Product two,2,390
WS-0041,2025-12-24,C022,Product three,1,520
WS-0042,2025-12-24,C028,Product one,1,450
WS-0043,2025-12-25,C033,Product two,1,390
WS-0044,2025-12-28,C032,Product one,1,450
WS-0045,2025-12-31,C017,Product four,1,280
WS-0046,2025-12-31,C024,Product one,2,450
WS-0047,2026-01-01,C037,Product three,1,520
WS-0048,2026-01-01,C042,Product two,1,390
WS-0049,2026-01-01,C053,Product one,1,450
WS-0050,2026-01-01,C058,Product three,1,520
WS-0051,2026-01-02,C055,Product one,1,450
WS-0052,2026-01-02,C061,Product one,1,450
WS-0053,2026-01-03,C040,Product one,1,450
WS-0054,2026-01-03,C043,Product one,1,450
WS-0055,2026-01-05,C050,Product one,1,450
WS-0056,2026-01-07,C038,Product four,1,280
WS-0057,2026-01-07,C041,Product four,1,280
WS-0058,2026-01-14,C052,Product one,2,450
WS-0059,2026-01-17,C062,Product one,2,450
WS-0060,2026-01-18,C060,Product three,2,520
WS-0061,2026-01-19,C048,Product three,1,520
WS-0062,2026-01-19,C054,Product two,1,390
WS-0063,2026-01-19,C056,Product two,1,390
WS-0064,2026-01-23,C044,Product two,1,390
WS-0065,2026-01-24,C004,Product one,1,450
WS-0066,2026-01-24,C046,Product two,2,390
WS-0067,2026-01-24,C047,Product four,1,280
WS-0068,2026-01-24,C051,Product two,2,390
WS-0069,2026-01-25,C059,Product one,1,450
WS-0070,2026-01-26,C036,Product two,1,390
WS-0071,2026-01-26,C045,Product one,2,450
WS-0072,2026-01-27,C049,Product two,2,390
WS-0073,2026-01-28,C035,Product one,1,450
WS-0074,2026-01-29,C057,Product two,1,390
WS-0075,2026-01-30,C039,Product one,2,450
WS-0076,2026-02-01,C076,Product three,1,520
WS-0077,2026-02-01,C078,Product two,2,390
WS-0078,2026-02-01,C083,Product one,1,450
WS-0079,2026-02-02,C088,Product one,1,450
WS-0080,2026-02-03,C030,Product four,1,280
WS-0081,2026-02-03,C063,Product two,1,390
WS-0082,2026-02-04,C068,Product two,2,390
WS-0083,2026-02-04,C080,Product one,1,450
WS-0084,2026-02-07,C086,Product one,1,450
WS-0085,2026-02-08,C091,Product one,1,450
WS-0086,2026-02-09,C066,Product four,1,280
WS-0087,2026-02-09,C072,Product four,1,280
WS-0088,2026-02-09,C073,Product two,1,390
WS-0089,2026-02-09,C079,Product one,1,450
WS-0090,2026-02-09,C089,Product one,1,450
WS-0091,2026-02-10,C081,Product two,1,390
WS-0092,2026-02-12,C018,Product four,1,280
WS-0093,2026-02-13,C070,Product one,1,450
WS-0094,2026-02-13,C090,Product three,1,520
WS-0095,2026-02-15,C016,Product two,1,390
WS-0096,2026-02-15,C082,Product one,1,450
WS-0097,2026-02-15,C084,Product two,1,390
WS-0098,2026-02-16,C074,Product one,1,450
WS-0099,2026-02-17,C064,Product one,1,450
WS-0100,2026-02-17,C084,Product one,1,450
WS-0101,2026-02-22,C067,Product one,1,450
WS-0102,2026-02-23,C043,Product two,1,390
WS-0103,2026-02-23,C075,Product four,1,280
WS-0104,2026-02-23,C087,Product one,2,450
WS-0105,2026-02-24,C071,Product one,1,450
WS-0106,2026-02-25,C055,Product three,1,520
WS-0107,2026-02-26,C020,Product four,1,280
WS-0108,2026-02-26,C065,Product four,1,280
WS-0109,2026-02-27,C069,Product three,2,520
WS-0110,2026-02-27,C085,Product four,1,280
WS-0111,2026-02-28,C077,Product one,1,450
WS-0112,2026-03-02,C106,Product two,1,390
WS-0113,2026-03-03,C096,Product two,1,390
WS-0114,2026-03-03,C109,Product two,1,390
WS-0115,2026-03-03,C112,Product three,1,520
WS-0116,2026-03-07,C094,Product one,1,450
WS-0117,2026-03-09,C092,Product one,2,450
WS-0118,2026-03-11,C114,Product three,1,520
WS-0119,2026-03-12,C105,Product one,1,450
WS-0120,2026-03-15,C117,Product two,2,390
WS-0121,2026-03-16,C059,Product one,1,450
WS-0122,2026-03-16,C095,Product two,1,390
WS-0123,2026-03-16,C107,Product two,1,390
WS-0124,2026-03-17,C115,Product two,1,390
WS-0125,2026-03-18,C093,Product one,2,450
WS-0126,2026-03-19,C003,Product one,1,450
WS-0127,2026-03-19,C062,Product one,1,450
WS-0128,2026-03-19,C102,Product three,1,520
WS-0129,2026-03-19,C103,Product three,2,520
WS-0130,2026-03-20,C113,Product one,1,450
WS-0131,2026-03-21,C104,Product one,1,450
WS-0132,2026-03-22,C028,Product three,1,520
WS-0133,2026-03-22,C097,Product three,1,520
WS-0134,2026-03-23,C100,Product two,1,390
WS-0135,2026-03-24,C099,Product one,1,450
WS-0136,2026-03-24,C111,Product two,1,390
WS-0137,2026-03-25,C034,Product three,1,520
WS-0138,2026-03-25,C098,Product four,1,280
WS-0139,2026-03-26,C101,Product four,1,280
WS-0140,2026-03-28,C110,Product three,1,520
WS-0141,2026-03-29,C116,Product one,1,450
WS-0142,2026-03-30,C108,Product two,1,390
WS-0143,2026-04-01,C145,Product one,2,450
WS-0144,2026-04-02,C124,Product one,1,450
WS-0145,2026-04-03,C024,Product one,1,450
WS-0146,2026-04-03,C106,Product two,1,390
WS-0147,2026-04-03,C148,Product four,1,280
WS-0148,2026-04-04,C042,Product one,1,450
WS-0149,2026-04-04,C142,Product one,2,450
WS-0150,2026-04-04,C143,Product three,1,520
WS-0151,2026-04-06,C063,Product three,1,520
WS-0152,2026-04-08,C121,Product four,1,280
WS-0153,2026-04-09,C123,Product two,2,390
WS-0154,2026-04-09,C130,Product four,1,280
WS-0155,2026-04-09,C136,Product one,1,450
WS-0156,2026-04-09,C149,Product two,1,390
WS-0157,2026-04-11,C097,Product one,1,450
WS-0158,2026-04-12,C129,Product two,1,390
WS-0159,2026-04-13,C138,Product two,1,390
WS-0160,2026-04-14,C127,Product three,1,520
WS-0161,2026-04-14,C135,Product three,1,520
WS-0162,2026-04-16,C101,Product four,2,280
WS-0163,2026-04-17,C119,Product one,1,450
WS-0164,2026-04-17,C126,Product three,1,520
WS-0165,2026-04-17,C141,Product four,1,280
WS-0166,2026-04-17,C147,Product three,1,520
WS-0167,2026-04-18,C121,Product two,1,390
WS-0168,2026-04-19,C119,Product two,1,390
WS-0169,2026-04-21,C120,Product four,1,280
WS-0170,2026-04-21,C125,Product one,1,450
WS-0171,2026-04-21,C129,Product two,2,390
WS-0172,2026-04-21,C131,Product two,1,390
WS-0173,2026-04-21,C146,Product four,1,280
WS-0174,2026-04-23,C140,Product three,2,520
WS-0175,2026-04-24,C045,Product one,1,450
WS-0176,2026-04-25,C133,Product one,1,450
WS-0177,2026-04-25,C144,Product one,1,450
WS-0178,2026-04-26,C132,Product one,2,450
WS-0179,2026-04-26,C134,Product four,1,280
WS-0180,2026-04-27,C139,Product one,1,450
WS-0181,2026-04-28,C137,Product one,1,450
WS-0182,2026-04-30,C118,Product two,1,390
WS-0183,2026-04-30,C122,Product one,1,450
WS-0184,2026-04-30,C128,Product two,1,390
WS-0185,2026-05-01,C108,Product one,1,450
WS-0186,2026-05-01,C154,Product three,1,520
WS-0187,2026-05-02,C166,Product two,1,390
WS-0188,2026-05-02,C167,Product three,2,520
WS-0189,2026-05-02,C169,Product three,1,520
WS-0190,2026-05-03,C160,Product one,1,450
WS-0191,2026-05-04,C176,Product one,1,450
WS-0192,2026-05-04,C177,Product four,2,280
WS-0193,2026-05-05,C158,Product one,1,450
WS-0194,2026-05-06,C021,Product one,1,450
WS-0195,2026-05-06,C178,Product two,1,390
WS-0196,2026-05-06,C181,Product one,2,450
WS-0197,2026-05-07,C155,Product one,1,450
WS-0198,2026-05-07,C156,Product one,1,450
WS-0199,2026-05-08,C106,Product three,1,520
WS-0200,2026-05-08,C120,Product four,1,280
WS-0201,2026-05-09,C170,Product three,1,520
WS-0202,2026-05-09,C172,Product three,1,520
WS-0203,2026-05-10,C127,Product two,2,390
WS-0204,2026-05-10,C150,Product one,1,450
WS-0205,2026-05-11,C153,Product one,1,450
WS-0206,2026-05-11,C168,Product one,2,450
WS-0207,2026-05-12,C180,Product one,1,450
WS-0208,2026-05-13,C164,Product three,1,520
WS-0209,2026-05-14,C122,Product one,1,450
WS-0210,2026-05-14,C152,Product one,1,450
WS-0211,2026-05-15,C094,Product three,1,520
WS-0212,2026-05-15,C159,Product four,1,280
WS-0213,2026-05-15,C183,Product one,1,450
WS-0214,2026-05-16,C078,Product three,1,520
WS-0215,2026-05-16,C157,Product three,2,520
WS-0216,2026-05-17,C182,Product two,1,390
WS-0217,2026-05-18,C175,Product one,1,450
WS-0218,2026-05-19,C017,Product two,2,390
WS-0219,2026-05-20,C014,Product three,1,520
WS-0220,2026-05-20,C173,Product four,1,280
WS-0221,2026-05-21,C165,Product three,1,520
WS-0222,2026-05-22,C179,Product two,1,390
WS-0223,2026-05-24,C162,Product one,1,450
WS-0224,2026-05-25,C076,Product one,1,450
WS-0225,2026-05-25,C105,Product one,1,450
WS-0226,2026-05-26,C171,Product four,1,280
WS-0227,2026-05-26,C174,Product one,1,450
WS-0228,2026-05-27,C151,Product two,1,390
WS-0229,2026-05-27,C184,Product two,1,390
WS-0230,2026-05-27,C186,Product four,1,280
WS-0231,2026-05-29,C185,Product one,1,450
WS-0232,2026-05-30,C161,Product two,1,390
WS-0233,2026-05-31,C163,Product two,1,390
WS-0234,2026-06-01,C153,Product three,1,520
WS-0235,2026-06-02,C104,Product one,2,450
WS-0236,2026-06-02,C187,Product one,1,450
WS-0237,2026-06-02,C206,Product three,1,520
WS-0238,2026-06-03,C130,Product four,1,280
WS-0239,2026-06-03,C189,Product three,1,520
WS-0240,2026-06-04,C092,Product two,1,390
WS-0241,2026-06-04,C196,Product two,2,390
WS-0242,2026-06-04,C201,Product three,1,520
WS-0243,2026-06-05,C188,Product one,1,450
WS-0244,2026-06-05,C190,Product one,1,450
WS-0245,2026-06-05,C198,Product four,1,280
WS-0246,2026-06-05,C205,Product three,2,520
WS-0247,2026-06-05,C220,Product three,1,520
WS-0248,2026-06-06,C203,Product three,1,520
WS-0249,2026-06-06,C215,Product two,2,390
WS-0250,2026-06-06,C221,Product four,1,280
WS-0251,2026-06-07,C133,Product one,1,450
WS-0252,2026-06-07,C195,Product two,1,390
WS-0253,2026-06-09,C136,Product one,2,450
WS-0254,2026-06-09,C167,Product four,1,280
WS-0255,2026-06-10,C009,Product three,1,520
WS-0256,2026-06-10,C209,Product two,1,390
WS-0257,2026-06-12,C193,Product one,1,450
WS-0258,2026-06-12,C200,Product two,2,390
WS-0259,2026-06-13,C183,Product two,1,390
WS-0260,2026-06-14,C192,Product one,1,450
WS-0261,2026-06-15,C129,Product four,1,280
WS-0262,2026-06-15,C197,Product one,1,450
WS-0263,2026-06-15,C210,Product one,1,450
WS-0264,2026-06-15,C213,Product two,1,390
WS-0265,2026-06-16,C211,Product two,1,390
WS-0266,2026-06-17,C222,Product two,2,390
WS-0267,2026-06-18,C208,Product three,1,520
WS-0268,2026-06-19,C216,Product two,1,390
WS-0269,2026-06-20,C199,Product three,1,520
WS-0270,2026-06-20,C204,Product three,1,520
WS-0271,2026-06-22,C207,Product one,1,450
WS-0272,2026-06-22,C217,Product one,1,450
WS-0273,2026-06-23,C191,Product four,1,280
WS-0274,2026-06-26,C017,Product four,1,280
WS-0275,2026-06-26,C033,Product three,1,520
WS-0276,2026-06-26,C194,Product one,1,450
WS-0277,2026-06-26,C214,Product one,1,450
WS-0278,2026-06-26,C219,Product one,1,450
WS-0279,2026-06-27,C034,Product four,1,280
WS-0280,2026-06-27,C188,Product three,1,520
WS-0281,2026-06-27,C212,Product one,1,450
WS-0282,2026-06-28,C155,Product one,1,450
WS-0283,2026-06-28,C218,Product two,1,390
WS-0284,2026-06-29,C138,Product two,1,390
WS-0285,2026-06-30,C202,Product one,2,450
WS-0286,2026-06-30,C214,Product one,1,450
WS-0287,2026-07-01,C235,Product two,1,390
WS-0288,2026-07-02,C028,Product two,1,390
WS-0289,2026-07-02,C260,Product one,1,450
WS-0290,2026-07-03,C230,Product four,1,280
WS-0291,2026-07-03,C244,Product one,1,450
WS-0292,2026-07-03,C253,Product three,1,520
WS-0293,2026-07-04,C240,Product three,1,520
WS-0294,2026-07-04,C262,Product three,1,520
WS-0295,2026-07-05,C251,Product one,1,450
WS-0296,2026-07-06,C027,Product one,1,450
WS-0297,2026-07-06,C234,Product one,1,450
WS-0298,2026-07-08,C029,Product one,2,450
WS-0299,2026-07-08,C225,Product one,1,450
WS-0300,2026-07-08,C227,Product one,1,450
WS-0301,2026-07-08,C245,Product one,1,450
WS-0302,2026-07-08,C247,Product three,2,520
WS-0303,2026-07-09,C243,Product four,2,280
WS-0304,2026-07-10,C237,Product four,1,280
WS-0305,2026-07-12,C228,Product two,1,390
WS-0306,2026-07-13,C041,Product one,1,450
WS-0307,2026-07-13,C231,Product four,1,280
WS-0308,2026-07-14,C156,Product two,1,390
WS-0309,2026-07-14,C224,Product four,1,280
WS-0310,2026-07-14,C236,Product one,1,450
WS-0311,2026-07-14,C259,Product one,2,450
WS-0312,2026-07-15,C233,Product two,1,390
WS-0313,2026-07-16,C238,Product one,1,450
WS-0314,2026-07-17,C249,Product three,1,520
WS-0315,2026-07-19,C223,Product four,1,280
WS-0316,2026-07-19,C226,Product one,1,450
WS-0317,2026-07-20,C250,Product two,1,390
WS-0318,2026-07-21,C252,Product three,1,520
WS-0319,2026-07-21,C257,Product two,1,390
WS-0320,2026-07-22,C242,Product three,1,520
WS-0321,2026-07-22,C248,Product two,1,390
WS-0322,2026-07-24,C039,Product one,1,450
WS-0323,2026-07-24,C212,Product one,1,450
WS-0324,2026-07-24,C227,Product one,1,450
WS-0325,2026-07-24,C239,Product one,1,450
WS-0326,2026-07-26,C258,Product one,1,450
WS-0327,2026-07-27,C232,Product one,1,450
WS-0328,2026-07-28,C241,Product one,1,450
WS-0329,2026-07-28,C255,Product three,1,520
WS-0330,2026-07-30,C229,Product three,1,520
WS-0331,2026-07-30,C246,Product four,1,280
WS-0332,2026-07-30,C256,Product two,1,390
WS-0333,2026-07-31,C254,Product four,1,280
WS-0334,2026-07-31,C261,Product two,1,390
WS-0335,2026-08-01,C294,Product three,1,520
WS-0336,2026-08-04,C310,Product three,1,520
WS-0337,2026-08-05,C281,Product three,1,520
WS-0338,2026-08-05,C283,Product three,1,520
WS-0339,2026-08-05,C302,Product two,1,390
WS-0340,2026-08-06,C036,Product three,1,520
WS-0341,2026-08-06,C042,Product two,2,390
WS-0342,2026-08-06,C280,Product one,1,450
WS-0343,2026-08-06,C291,Product one,1,450
WS-0344,2026-08-06,C296,Product three,1,520
WS-0345,2026-08-07,C055,Product one,2,450
WS-0346,2026-08-07,C263,Product three,1,520
WS-0347,2026-08-07,C277,Product three,1,520
WS-0348,2026-08-07,C279,Product four,2,280
WS-0349,2026-08-07,C309,Product two,1,390
WS-0350,2026-08-08,C282,Product two,1,390
WS-0351,2026-08-08,C284,Product two,1,390
WS-0352,2026-08-08,C288,Product three,1,520
WS-0353,2026-08-08,C300,Product four,1,280
WS-0354,2026-08-09,C270,Product two,1,390
WS-0355,2026-08-09,C289,Product two,1,390
WS-0356,2026-08-09,C304,Product three,2,520
WS-0357,2026-08-10,C001,Product two,1,390
WS-0358,2026-08-10,C299,Product four,1,280
WS-0359,2026-08-11,C276,Product four,1,280
WS-0360,2026-08-11,C287,Product three,2,520
WS-0361,2026-08-12,C155,Product one,1,450
WS-0362,2026-08-12,C273,Product two,2,390
WS-0363,2026-08-13,C039,Product two,1,390
WS-0364,2026-08-13,C268,Product four,1,280
WS-0365,2026-08-14,C269,Product one,1,450
WS-0366,2026-08-14,C295,Product two,2,390
WS-0367,2026-08-15,C205,Product three,1,520
WS-0368,2026-08-15,C274,Product three,1,520
WS-0369,2026-08-15,C275,Product one,1,450
WS-0370,2026-08-16,C265,Product three,2,520
WS-0371,2026-08-16,C301,Product three,1,520
WS-0372,2026-08-18,C103,Product two,1,390
WS-0373,2026-08-18,C267,Product two,1,390
WS-0374,2026-08-19,C266,Product three,1,520
WS-0375,2026-08-19,C293,Product one,1,450
WS-0376,2026-08-19,C307,Product three,1,520
WS-0377,2026-08-20,C080,Product four,1,280
WS-0378,2026-08-20,C272,Product three,1,520
WS-0379,2026-08-20,C278,Product one,1,450
WS-0380,2026-08-20,C297,Product one,1,450
WS-0381,2026-08-20,C305,Product two,1,390
WS-0382,2026-08-21,C241,Product one,2,450
WS-0383,2026-08-21,C286,Product three,1,520
WS-0384,2026-08-22,C002,Product three,1,520
WS-0385,2026-08-23,C298,Product two,1,390
WS-0386,2026-08-24,C285,Product three,1,520
WS-0387,2026-08-25,C264,Product one,1,450
WS-0388,2026-08-27,C292,Product four,1,280
WS-0389,2026-08-27,C303,Product four,1,280
WS-0390,2026-08-27,C308,Product two,1,390
WS-0391,2026-08-28,C093,Product two,1,390
WS-0392,2026-08-28,C290,Product three,2,520
WS-0393,2026-08-29,C271,Product four,1,280
WS-0394,2026-08-30,C306,Product two,1,390
WS-0395,2026-08-31,C110,Product four,1,280
WS-0396,2026-09-01,C165,Product two,1,390
WS-0397,2026-09-01,C340,Product three,1,520
WS-0398,2026-09-02,C327,Product one,1,450
WS-0399,2026-09-04,C331,Product two,1,390
WS-0400,2026-09-05,C330,Product three,1,520
WS-0401,2026-09-05,C335,Product two,1,390
WS-0402,2026-09-05,C348,Product one,1,450
WS-0403,2026-09-07,C099,Product one,1,450
WS-0404,2026-09-07,C313,Product one,1,450
WS-0405,2026-09-07,C337,Product one,1,450
WS-0406,2026-09-08,C316,Product two,2,390
WS-0407,2026-09-08,C354,Product one,1,450
WS-0408,2026-09-09,C081,Product two,1,390
WS-0409,2026-09-09,C315,Product three,1,520
WS-0410,2026-09-09,C322,Product three,1,520
WS-0411,2026-09-10,C018,Product one,1,450
WS-0412,2026-09-10,C357,Product two,1,390
WS-0413,2026-09-11,C347,Product three,1,520
WS-0414,2026-09-13,C326,Product four,1,280
WS-0415,2026-09-13,C334,Product four,1,280
WS-0416,2026-09-13,C341,Product three,1,520
WS-0417,2026-09-13,C355,Product one,1,450
WS-0418,2026-09-14,C063,Product four,2,280
WS-0419,2026-09-15,C311,Product one,2,450
WS-0420,2026-09-16,C318,Product four,1,280
WS-0421,2026-09-16,C344,Product three,2,520
WS-0422,2026-09-16,C352,Product one,1,450
WS-0423,2026-09-16,C359,Product one,1,450
WS-0424,2026-09-17,C061,Product three,1,520
WS-0425,2026-09-17,C358,Product one,2,450
WS-0426,2026-09-18,C240,Product four,1,280
WS-0427,2026-09-19,C325,Product one,2,450
WS-0428,2026-09-19,C343,Product two,1,390
WS-0429,2026-09-20,C170,Product three,1,520
WS-0430,2026-09-20,C346,Product three,1,520
WS-0431,2026-09-21,C332,Product four,1,280
WS-0432,2026-09-21,C336,Product four,1,280
WS-0433,2026-09-21,C339,Product two,1,390
WS-0434,2026-09-22,C021,Product three,1,520
WS-0435,2026-09-22,C185,Product two,1,390
WS-0436,2026-09-22,C317,Product two,1,390
WS-0437,2026-09-22,C320,Product two,1,390
WS-0438,2026-09-23,C131,Product two,1,390
WS-0439,2026-09-23,C319,Product one,1,450
WS-0440,2026-09-23,C333,Product two,1,390
WS-0441,2026-09-24,C338,Product two,1,390
WS-0442,2026-09-25,C093,Product four,1,280
WS-0443,2026-09-25,C204,Product two,2,390
WS-0444,2026-09-25,C321,Product one,1,450
WS-0445,2026-09-26,C099,Product one,1,450
WS-0446,2026-09-26,C281,Product three,1,520
WS-0447,2026-09-26,C312,Product two,1,390
WS-0448,2026-09-26,C329,Product two,1,390
WS-0449,2026-09-26,C331,Product one,1,450
WS-0450,2026-09-26,C345,Product one,1,450
WS-0451,2026-09-26,C353,Product three,1,520
WS-0452,2026-09-27,C159,Product two,1,390
WS-0453,2026-09-27,C314,Product four,1,280
WS-0454,2026-09-27,C323,Product one,2,450
WS-0455,2026-09-27,C328,Product two,1,390
WS-0456,2026-09-28,C324,Product four,1,280
WS-0457,2026-09-28,C342,Product two,1,390
WS-0458,2026-09-28,C351,Product two,1,390
WS-0459,2026-09-29,C027,Product three,1,520
WS-0460,2026-09-29,C199,Product three,1,520
WS-0461,2026-09-29,C232,Product one,1,450
WS-0462,2026-09-29,C349,Product one,1,450
WS-0463,2026-09-29,C350,Product two,1,390
WS-0464,2026-09-29,C356,Product one,1,450
WS-0465,2026-09-30,C075,Product three,1,520
WS-0466,2026-10-01,C358,Product three,1,520
WS-0467,2026-10-01,C383,Product two,1,390
WS-0468,2026-10-01,C389,Product three,1,520
WS-0469,2026-10-01,C399,Product two,1,390
WS-0470,2026-10-02,C191,Product two,2,390
WS-0471,2026-10-02,C368,Product four,1,280
WS-0472,2026-10-02,C384,Product one,1,450
WS-0473,2026-10-02,C401,Product one,1,450
WS-0474,2026-10-02,C412,Product one,1,450
WS-0475,2026-10-03,C366,Product two,2,390
WS-0476,2026-10-03,C373,Product four,2,280
WS-0477,2026-10-04,C264,Product four,1,280
WS-0478,2026-10-04,C267,Product one,1,450
WS-0479,2026-10-04,C391,Product one,1,450
WS-0480,2026-10-04,C406,Product one,1,450
WS-0481,2026-10-05,C374,Product four,2,280
WS-0482,2026-10-05,C385,Product two,1,390
WS-0483,2026-10-05,C414,Product four,1,280
WS-0484,2026-10-06,C041,Product three,2,520
WS-0485,2026-10-06,C064,Product two,1,390
WS-0486,2026-10-06,C160,Product one,1,450
WS-0487,2026-10-07,C371,Product one,1,450
WS-0488,2026-10-08,C149,Product two,1,390
WS-0489,2026-10-08,C405,Product three,1,520
WS-0490,2026-10-09,C045,Product three,1,520
WS-0491,2026-10-09,C362,Product one,1,450
WS-0492,2026-10-09,C364,Product one,2,450
WS-0493,2026-10-09,C378,Product one,1,450
WS-0494,2026-10-09,C411,Product three,1,520
WS-0495,2026-10-10,C034,Product three,1,520
WS-0496,2026-10-11,C328,Product four,1,280
WS-0497,2026-10-11,C376,Product one,1,450
WS-0498,2026-10-11,C402,Product three,1,520
WS-0499,2026-10-11,C404,Product four,2,280
WS-0500,2026-10-12,C114,Product three,1,520
WS-0501,2026-10-12,C381,Product one,1,450
WS-0502,2026-10-12,C390,Product two,1,390
WS-0503,2026-10-13,C027,Product one,1,450
WS-0504,2026-10-13,C247,Product one,1,450
WS-0505,2026-10-13,C375,Product two,1,390
WS-0506,2026-10-13,C408,Product four,1,280
WS-0507,2026-10-15,C270,Product one,1,450
WS-0508,2026-10-15,C363,Product three,2,520
WS-0509,2026-10-15,C377,Product one,2,450
WS-0510,2026-10-15,C415,Product two,1,390
WS-0511,2026-10-16,C075,Product one,1,450
WS-0512,2026-10-16,C234,Product four,1,280
WS-0513,2026-10-17,C343,Product four,1,280
WS-0514,2026-10-17,C360,Product one,1,450
WS-0515,2026-10-17,C407,Product one,1,450
WS-0516,2026-10-18,C125,Product four,1,280
WS-0517,2026-10-18,C369,Product three,1,520
WS-0518,2026-10-18,C397,Product four,1,280
WS-0519,2026-10-19,C379,Product one,1,450
WS-0520,2026-10-19,C398,Product two,2,390
WS-0521,2026-10-19,C413,Product one,1,450
WS-0522,2026-10-20,C387,Product two,1,390
WS-0523,2026-10-21,C343,Product two,1,390
WS-0524,2026-10-22,C096,Product two,2,390
WS-0525,2026-10-23,C365,Product four,2,280
WS-0526,2026-10-23,C367,Product one,1,450
WS-0527,2026-10-23,C396,Product one,1,450
WS-0528,2026-10-24,C386,Product one,1,450
WS-0529,2026-10-24,C394,Product two,1,390
WS-0530,2026-10-25,C063,Product one,2,450
WS-0531,2026-10-25,C372,Product two,1,390
WS-0532,2026-10-25,C393,Product one,1,450
WS-0533,2026-10-26,C162,Product two,1,390
WS-0534,2026-10-26,C347,Product four,1,280
WS-0535,2026-10-26,C370,Product three,1,520
WS-0536,2026-10-26,C409,Product four,1,280
WS-0537,2026-10-27,C380,Product one,1,450
WS-0538,2026-10-27,C382,Product one,2,450
WS-0539,2026-10-27,C388,Product one,1,450
WS-0540,2026-10-27,C395,Product two,1,390
WS-0541,2026-10-27,C400,Product one,2,450
WS-0542,2026-10-28,C121,Product four,1,280
WS-0543,2026-10-28,C361,Product two,1,390
WS-0544,2026-10-28,C410,Product one,1,450
WS-0545,2026-10-30,C019,Product one,1,450
WS-0546,2026-10-30,C392,Product three,1,520
WS-0547,2026-10-30,C403,Product two,1,390
